quantity,total_value,buyer_name,date,order_id,region
5,$704.91,Customer 031,01-09-2026,ORD-10000,West
37,,Customer 057,02-09-2026,ORD-10001,West
32,$623.49,Customer 045,03-09-2026,ORD-10002,South
1,"$1,343.28",Customer 010,04-09-2026,ORD-10003,West
28,$359.51,Customer 056,05-09-2026,ORD-10004,North
34,$718.24,Customer 052,06-09-2026,ORD-10005,West
8,$706.43,  ,07-09-2026,ORD-10006,North
34,"$1,482.32",Customer 052,08-09-2026,ORD-10007,South
29,$934.47,Customer 039,09-09-2026,ORD-10008,South
28,"$1,252.63",Customer 047,10-09-2026,ORD-10009,West
11,"$1,125.74",Customer 036,11-09-2026,ORD-10010,South
17,"$1,137.59",Customer 031,12-09-2026,ORD-10011,South
18,"$1,158.09",Customer 054,13-09-2026,ORD-10012,West
16,$440.91,Customer 034,14-09-2026,ORD-10013,South
19,$382.36,Customer 005,15-09-2026,ORD-10014,West
35,$157.64,Customer 022,16-09-2026,ORD-10015,South
25,"$1,053.17",Customer 010,17-09-2026,ORD-10016,North
5,$645.71,Customer 046,18-09-2026,ORD-10017,North
30,$647.03,Customer 022,19-09-2026,ORD-10018,West
25,"$1,361.06",Customer 014,20-09-2026,ORD-10019,South
2,"$1,290.83",Customer 038,21-09-2026,ORD-10020,West
25,$736.39,Customer 049,22-09-2026,ORD-10021,West
25,"$1,286.03",Customer 023,23-09-2026,ORD-10022,South
35,"$1,131.37",Customer 054,24-09-2026,ORD-10023,South
15,$752.82,Customer 035,25-09-2026,ORD-10024,West
32,$82.38,Customer 018,26-09-2026,ORD-10025,South
26,"$1,097.30",Customer 022,27-09-2026,ORD-10026,West
9,"$1,471.85",Customer 054,28-09-2026,ORD-10027,South
26,$904.16,Customer 035,29-09-2026,ORD-10028,North
6,$978.41,Customer 043,30-09-2026,ORD-10029,North
12,$113.42,Customer 009,01-10-2026,ORD-10030,South
14,$703.86,Customer 025,02-10-2026,ORD-10031,South
18,"$1,137.93",Customer 022,03-10-2026,ORD-10032,South
17,"$1,258.97",Customer 054,04-10-2026,ORD-10033,South
35,$116.04,Customer 031,05-10-2026,ORD-10034,North
5,"$1,180.60",Customer 023,06-10-2026,ORD-10035,North
2,"$1,426.43",Customer 042,07-10-2026,ORD-10036,North
40,$262.48,Customer 013,08-10-2026,ORD-10037,North
8,$863.40,Customer 009,09-10-2026,ORD-10038,South
17,"$1,159.67",Customer 014,10-10-2026,ORD-10039,South
39,"$1,447.05",Customer 011,11-10-2026,ORD-10040,West
11,"$1,448.49",Customer 046,12-10-2026,ORD-10041,North
2,"$1,396.18",Customer 007,13-10-2026,ORD-10042,West
25,$619.12,Customer 037,14-10-2026,ORD-10043,West
5,$904.46,Customer 046,15-10-2026,ORD-10044,North
16,$188.78,Customer 054,16-10-2026,ORD-10045,West
39,"$1,216.07",Customer 050,17-10-2026,ORD-10046,South
3,$546.92,Customer 051,18-10-2026,ORD-10047,West
24,$140.68,Customer 028,19-10-2026,ORD-10048,West
1,"$1,280.38",Customer 042,20-10-2026,ORD-10049,South
7,$672.94,Customer 053,21-10-2026,ORD-10050,South
30,"$1,072.67",Customer 024,22-10-2026,ORD-10051,West
34,"$1,449.59",Customer 028,23-10-2026,ORD-10052,North
35,"$1,170.98",Customer 018,24-10-2026,ORD-10053,West
38,$431.86,Customer 030,25-10-2026,ORD-10054,South
6,$447.24,Customer 055,26-10-2026,ORD-10055,North
30,$871.98,Customer 029,27-10-2026,ORD-10056,North
22,$81.90,Customer 043,28-10-2026,ORD-10057,South
12,$751.82,Customer 055,29-10-2026,ORD-10058,South
22,$448.30,Customer 023,30-10-2026,ORD-10059,South
