gross_sales,quantity,date_created,order_id,Customer,Branch
"679,63",24,2026-09-01,ORD-10000,Customer 043,West
"401,94",8,2026-09-02,ORD-10001,Customer 034,South
"1.240,00",2,2026-09-03,ORD-10002,Customer 005,South
"50,50",15,2026-09-04,ORD-10003,Customer 015,West
"374,26",4,2026-09-05,ORD-10004,Customer 046,West
not available,22,2026-09-06,ORD-10005,Customer 058,North
"352,79",32,2026-09-07,ORD-10006,Customer 016,South
"881,27",37,2026-09-08,ORD-10007,Customer 009,West
"318,00",27,2026-09-09,,Customer 016,South
"557,27",28,2026-09-10,ORD-10009,Customer 007,West
"1.023,11",4,2026-09-11,ORD-10010,Customer 027,South
"627,83",4,2026-09-12,ORD-10011,Customer 042,North
"319,72",16,2026-09-13,ORD-10012,Customer 022,North
"655,95",9,2026-09-14,ORD-10013,Customer 035,South
"1.316,75",16,2026-09-15,ORD-10014,Customer 018,South
"182,95",36,2026-09-16,ORD-10015,Customer 005,South
"1.454,73",1,2026-09-17,ORD-10016,Customer 042,West
"633,36",11,2026-09-18,ORD-10017,Customer 060,North
"1.357,57",26,2026-09-19,ORD-10018,Customer 031,North
"1.478,55",1,2026-09-20,ORD-10019,Customer 011,South
"657,59",19,2026-09-21,ORD-10020,Customer 017,South
"266,00",32,2026-09-22,ORD-10021,Customer 047,West
"885,60",4,2026-09-23,ORD-10022,Customer 019,North
"123,46",21,2026-09-24,ORD-10023,Customer 035,North
"1.382,31",33,2026-09-25,ORD-10024,Customer 038,South
"1.442,74",4,2026-09-26,ORD-10025,Customer 034,North
"908,75",5,2026-09-27,ORD-10026,Customer 006,North
"215,03",26,2026-09-28,ORD-10027,Customer 044,North
"885,22",16,2026-09-29,ORD-10028,Customer 057,West
"652,07",6,2026-09-30,ORD-10029,Customer 003,West
"501,90",34,2026-10-01,ORD-10030,Customer 038,West
"388,48",21,2026-10-02,ORD-10031,Customer 017,North
"707,55",20,2026-10-03,ORD-10032,Customer 026,North
"709,10",1,2026-10-04,ORD-10033,Customer 060,North
"824,95",5,2026-10-05,ORD-10034,Customer 037,North
"1.402,56",9,2026-10-06,ORD-10035,Customer 033,South
"579,51",16,2026-10-07,ORD-10036,Customer 057,North
"1.067,17",35,2026-10-08,ORD-10037,Customer 011,South
"51,42",34,2026-10-09,ORD-10038,Customer 040,West
"1.400,36",20,2026-10-10,ORD-10039,Customer 053,West
"208,53",17,2026-10-11,ORD-10040,Customer 007,North
"266,95",36,2026-10-12,ORD-10041,Customer 007,West
"1.087,71",14,2026-10-13,ORD-10042,Customer 019,West
"777,90",17,2026-10-14,ORD-10043,Customer 014,West
"966,06",6,2026-10-15,ORD-10044,Customer 017,North
